{
  "ا": [
    {
      "question": "ما هي عاصمة المملكة العربية السعودية؟",
      "answer": "الرياض"
    },
    {
      "question": "ما هو اسم أول حرف في الأبجدية العربية؟",
      "answer": "ألف"
    },
    {
      "question": "ما هي المدينة التي يبدأ اسمها بحرف الألف؟",
      "answer": "أبها"
    }
  ],
  "ب": [
    {
      "question": "ما هي المدينة السعودية المعروفة بالباحة؟",
      "answer": "الباحة"
    },
    {
      "question": "ما هو الطبق السعودي الذي يبدأ بحرف الباء؟",
      "answer": "بروش"
    },
    {
      "question": "ما هو اسم القبيلة السعودية التي تبدأ بحرف الباء؟",
      "answer": "بني تميم"
    }
  ],
  "ت": [
    {
      "question": "ما هي المدينة السعودية المعروفة بالطائف؟",
      "answer": "الطائف"
    },
    {
      "question": "ما هو الطبق السعودي الذي يبدأ بحرف التاء؟",
      "answer": "تمر"
    },
    {
      "question": "ما هو اسم الجبل السعودي الذي يبدأ بحرف التاء؟",
      "answer": "تثليث"
    }
  ],
  "ث": [
    {
      "question": "ما هو الطبق السعودي التقليدي الذي يبدأ بحرف الثاء؟",
      "answer": "ثريد"
    },
    {
      "question": "ما هو اسم الوادي السعودي الذي يبدأ بحرف الثاء؟",
      "answer": "ثادق"
    },
    {
      "question": "ما هو اسم القبيلة السعودية التي تبدأ بحرف الثاء؟",
      "answer": "ثقيف"
    }
  ],
  "ج": [
    {
      "question": "ما هي المدينة السعودية المعروفة بالجوف؟",
      "answer": "الجوف"
    },
    {
      "question": "ما هو الطبق السعودي الذي يبدأ بحرف الجيم؟",
      "answer": "جريش"
    },
    {
      "question": "ما هو اسم الجبل السعودي الذي يبدأ بحرف الجيم؟",
      "answer": "جبل شمر"
    }
  ],
  "ح": [
    {
      "question": "ما هي المدينة السعودية المعروفة بالحائل؟",
      "answer": "الحائل"
    },
    {
      "question": "ما هو الطبق السعودي الذي يبدأ بحرف الحاء؟",
      "answer": "حنيذ"
    },
    {
      "question": "ما هو اسم القبيلة السعودية التي تبدأ بحرف الحاء؟",
      "answer": "حرب"
    }
  ],
  "خ": [
    {
      "question": "ما هي المدينة السعودية المعروفة بالخبر؟",
      "answer": "الخبر"
    },
    {
      "question": "ما هو الطبق السعودي الذي يبدأ بحرف الخاء؟",
      "answer": "خبز"
    },
    {
      "question": "ما هو اسم الوادي السعودي الذي يبدأ بحرف الخاء؟",
      "answer": "خيبر"
    }
  ],
  "د": [
    {
      "question": "ما هي المدينة السعودية المعروفة بالدمام؟",
      "answer": "الدمام"
    },
    {
      "question": "ما هو الطبق السعودي الذي يبدأ بحرف الدال؟",
      "answer": "دقوس"
    },
    {
      "question": "ما هو اسم القبيلة السعودية التي تبدأ بحرف الدال؟",
      "answer": "دوسر"
    }
  ],
  "ذ": [
    {
      "question": "ما هو الطبق السعودي التقليدي الذي يبدأ بحرف الذال؟",
      "answer": "ذبيح"
    },
    {
      "question": "ما هو اسم الوادي السعودي الذي يبدأ بحرف الذال؟",
      "answer": "ذات عرق"
    },
    {
      "question": "ما هو اسم الجبل السعودي الذي يبدأ بحرف الذال؟",
      "answer": "ذات طوق"
    }
  ],
  "ر": [
    {
      "question": "ما هي المدينة السعودية المعروفة بالرياض؟",
      "answer": "الرياض"
    },
    {
      "question": "ما هو الطبق السعودي الذي يبدأ بحرف الراء؟",
      "answer": "رز"
    },
    {
      "question": "ما هو اسم القبيلة السعودية التي تبدأ بحرف الراء؟",
      "answer": "رولة"
    }
  ],
  "ز": [
    {
      "question": "ما هو الطبق السعودي التقليدي الذي يبدأ بحرف الزاي؟",
      "answer": "زرب"
    },
    {
      "question": "ما هو اسم الوادي السعودي الذي يبدأ بحرف الزاي؟",
      "answer": "زهران"
    },
    {
      "question": "ما هو اسم القبيلة السعودية التي تبدأ بحرف الزاي؟",
      "answer": "زهران"
    }
  ],
  "س": [
    {
      "question": "ما هي المدينة السعودية المعروفة بسكاكا؟",
      "answer": "سكاكا"
    },
    {
      "question": "ما هو الطبق السعودي الذي يبدأ بحرف السين؟",
      "answer": "سليق"
    },
    {
      "question": "ما هو اسم القبيلة السعودية التي تبدأ بحرف السين؟",
      "answer": "سبيع"
    }
  ],
  "ش": [
    {
      "question": "ما هي المدينة السعودية المعروفة بالشقراء؟",
      "answer": "الشقراء"
    },
    {
      "question": "ما هو الطبق السعودي الذي يبدأ بحرف الشين؟",
      "answer": "شيش برك"
    },
    {
      "question": "ما هو اسم القبيلة السعودية التي تبدأ بحرف الشين؟",
      "answer": "شمر"
    }
  ],
  "ص": [
    {
      "question": "ما هي المدينة السعودية المعروفة بالصفراء؟",
      "answer": "الصفراء"
    },
    {
      "question": "ما هو الطبق السعودي الذي يبدأ بحرف الصاد؟",
      "answer": "صيادية"
    },
    {
      "question": "ما هو اسم القبيلة السعودية التي تبدأ بحرف الصاد؟",
      "answer": "صبح"
    }
  ],
  "ض": [
    {
      "question": "ما هو الطبق السعودي التقليدي الذي يبدأ بحرف الضاد؟",
      "answer": "ضبي"
    },
    {
      "question": "ما هو اسم الوادي السعودي الذي يبدأ بحرف الضاد؟",
      "answer": "ضرماء"
    },
    {
      "question": "ما هو اسم القبيلة السعودية التي تبدأ بحرف الضاد؟",
      "answer": "ضبة"
    }
  ],
  "ط": [
    {
      "question": "ما هي المدينة السعودية المعروفة بالطائف؟",
      "answer": "الطائف"
    },
    {
      "question": "ما هو الطبق السعودي الذي يبدأ بحرف الطاء؟",
      "answer": "طبيخ"
    },
    {
      "question": "ما هو اسم القبيلة السعودية التي تبدأ بحرف الطاء؟",
      "answer": "طيء"
    }
  ],
  "ظ": [
    {
      "question": "ما هو الطبق السعودي التقليدي الذي يبدأ بحرف الظاء؟",
      "answer": "ظبي"
    },
    {
      "question": "ما هو اسم الوادي السعودي الذي يبدأ بحرف الظاء؟",
      "answer": "ظلم"
    },
    {
      "question": "ما هو اسم القبيلة السعودية التي تبدأ بحرف الظاء؟",
      "answer": "ظفير"
    }
  ],
  "ع": [
    {
      "question": "ما هي المدينة السعودية المعروفة بعرعر؟",
      "answer": "عرعر"
    },
    {
      "question": "ما هو الطبق السعودي الذي يبدأ بحرف العين؟",
      "answer": "عصيدة"
    },
    {
      "question": "ما هو اسم القبيلة السعودية التي تبدأ بحرف العين؟",
      "answer": "عتيبة"
    }
  ],
  "غ": [
    {
      "question": "ما هو الطبق السعودي التقليدي الذي يبدأ بحرف الغين؟",
      "answer": "غريبة"
    },
    {
      "question": "ما هو اسم الوادي السعودي الذي يبدأ بحرف الغين؟",
      "answer": "غامد"
    },
    {
      "question": "ما هو اسم القبيلة السعودية التي تبدأ بحرف الغين؟",
      "answer": "غامد"
    }
  ],
  "ف": [
    {
      "question": "ما هي المدينة السعودية المعروفة بالفريش؟",
      "answer": "الفريش"
    },
    {
      "question": "ما هو الطبق السعودي الذي يبدأ بحرف الفاء؟",
      "answer": "فول"
    },
    {
      "question": "ما هو اسم القبيلة السعودية التي تبدأ بحرف الفاء؟",
      "answer": "فهم"
    }
  ],
  "ق": [
    {
      "question": "ما هي المدينة السعودية المعروفة بالقصيم؟",
      "answer": "القصيم"
    },
    {
      "question": "ما هو الطبق السعودي الذي يبدأ بحرف القاف؟",
      "answer": "قبيلة"
    },
    {
      "question": "ما هو اسم القبيلة السعودية التي تبدأ بحرف القاف؟",
      "answer": "قحطان"
    }
  ],
  "ك": [
    {
      "question": "ما هي المدينة السعودية المعروفة بالكامل؟",
      "answer": "الكامل"
    },
    {
      "question": "ما هو الطبق السعودي الذي يبدأ بحرف الكاف؟",
      "answer": "كبسة"
    },
    {
      "question": "ما هو اسم القبيلة السعودية التي تبدأ بحرف الكاف؟",
      "answer": "كنانة"
    }
  ],
  "ل": [
    {
      "question": "ما هي المدينة السعودية المعروفة بالليث؟",
      "answer": "الليث"
    },
    {
      "question": "ما هو الطبق السعودي الذي يبدأ بحرف اللام؟",
      "answer": "لحم"
    },
    {
      "question": "ما هو اسم القبيلة السعودية التي تبدأ بحرف اللام؟",
      "answer": "لحيان"
    }
  ],
  "م": [
    {
      "question": "ما هي المدينة السعودية المعروفة بمكة؟",
      "answer": "مكة"
    },
    {
      "question": "ما هو الطبق السعودي الذي يبدأ بحرف الميم؟",
      "answer": "مظبي"
    },
    {
      "question": "ما هو اسم القبيلة السعودية التي تبدأ بحرف الميم؟",
      "answer": "مطير"
    }
  ],
  "ن": [
    {
      "question": "ما هي المدينة السعودية المعروفة بنجران؟",
      "answer": "نجران"
    },
    {
      "question": "ما هو الطبق السعودي الذي يبدأ بحرف النون؟",
      "answer": "نقيع"
    },
    {
      "question": "ما هو اسم القبيلة السعودية التي تبدأ بحرف النون؟",
      "answer": "نهد"
    }
  ],
  "ه": [
    {
      "question": "ما هي المدينة السعودية المعروفة بالهفوف؟",
      "answer": "الهفوف"
    },
    {
      "question": "ما هو الطبق السعودي الذي يبدأ بحرف الهاء؟",
      "answer": "هريس"
    },
    {
      "question": "ما هو اسم القبيلة السعودية التي تبدأ بحرف الهاء؟",
      "answer": "هذيل"
    }
  ],
  "و": [
    {
      "question": "ما هي المدينة السعودية المعروفة بالوجه؟",
      "answer": "الوجه"
    },
    {
      "question": "ما هو الطبق السعودي الذي يبدأ بحرف الواو؟",
      "answer": "ويت"
    },
    {
      "question": "ما هو اسم القبيلة السعودية التي تبدأ بحرف الواو؟",
      "answer": "وائل"
    }
  ],
  "ي": [
    {
      "question": "ما هي المدينة السعودية المعروفة بالينبع؟",
      "answer": "ينبع"
    },
    {
      "question": "ما هو الطبق السعودي الذي يبدأ بحرف الياء؟",
      "answer": "يخنة"
    },
    {
      "question": "ما هو اسم القبيلة السعودية التي تبدأ بحرف الياء؟",
      "answer": "يافع"
    }
  ]
} 