{
  "ا": [
    { "question": "اسم حيوان يبدأ بحرف الألف؟", "answer": "أسد" },
    { "question": "اسم دولة عربية يبدأ بحرف الألف؟", "answer": "الجزائر" }
  ],
  "ب": [
    { "question": "اسم فاكهة يبدأ بحرف الباء؟", "answer": "برتقال" },
    { "question": "اسم مدينة مصرية يبدأ بحرف الباء؟", "answer": "بني سويف" }
  ],
  "ت": [
    { "question": "شيء نأكله في الصباح يبدأ بحرف التاء؟", "answer": "تمر" },
    { "question": "اسم بنت يبدأ بحرف التاء؟", "answer": "تقى" }
  ],
  "ر": [
    { "question": "اسم حيوان يبدأ بحرف الراء؟", "answer": "رنة" },
    { "question": "اسم مدينة عربية يبدأ بحرف الراء؟", "answer": "رام الله" }
  ],
  "س": [
    { "question": "اسم عاصمة عربية يبدأ بحرف السين؟", "answer": "صنعاء" },
    { "question": "اسم حيوان يبدأ بحرف السين؟", "answer": "سمكة" }
  ]
} 